indicator,name,dimension,frequency,unit,current,current_date,mom_pct,six_month_pct,yoy_pct,status,score,source,source_url,note,collection
job_postings,同岗招聘数量,employment,monthly,个,,,,,,unknown,50.0,BOSS直聘/智联/猎聘（固定搜索条件）,,,manual
salary_mid,同岗薪资中位数,employment,monthly,K/月,,,,,,unknown,50.0,招聘网站固定搜索条件,,,manual
interview_leads,猎头/面试机会,employment,monthly,次,,,,,,unknown,50.0,个人记录,,,manual
urban_unemployment_rate,全国城镇调查失业率,employment,monthly,%,5.2,2026-07-31,0.0,,,green,100.0,国家统计局月度国民经济运行,https://www.stats.gov.cn/sj/zxfb/202608/t20260817_1965056.html,1—7月份国民经济保持总体平稳、向新向优发展态势；月度城镇调查失业率,official
industry_orders_profit,自己行业订单/利润,employment,quarterly,指数,,,,,,unknown,50.0,企业内部记录/行业协会/财报,,,manual
cash_runway_months,零收入现金跑道,household,monthly,月,,,,,,unknown,50.0,本地私密家庭汇总（流动资产/必要支出与债务支出）,,,private
debt_service_ratio,偿债率（月债务支出/税后收入）,household,monthly,%,,,,,,unknown,50.0,本地私密家庭汇总,,,private
household_savings_rate,家庭储蓄率,household,monthly,%,,,,,,unknown,50.0,本地私密家庭汇总,,,private
fixed_obligation_ratio,固定必要支出率,household,monthly,%,,,,,,unknown,50.0,本地私密家庭汇总,,,private
primary_income_loss_runway_months,主收入中断现金跑道,household,monthly,月,,,,,,unknown,50.0,本地私密家庭汇总（保留稳定收入后的压力情景）,,,private
household_long_term_loans,住户中长期贷款累计新增,household,monthly,亿元,188.0,2026-08-31,,,,unknown,50.0,中国人民银行金融统计数据报告,https://www.pbc.gov.cn/diaochatongjisi/116219/116225/2026091417020862747/index.html,2026年8月金融统计数据报告；年内累计新增，统一换算为亿元,official
national_real_disposable_income_yoy,全国居民人均可支配收入实际同比,household,quarterly,%,,,,,,unknown,50.0,国家统计局居民收入和消费支出,,,official
national_income_consumption_gap_pp,居民实际收入-消费增速差,household,quarterly,pp,,,,,,unknown,50.0,国家统计局居民收入和消费支出,,,official
existing_home_sales,二手房成交量,housing_city,monthly,套,,,,,,unknown,50.0,当地住建局/房管局/交易中心,,,manual
home_days_on_market,二手房成交周期,housing_city,monthly,天,,,,,,unknown,50.0,当地交易数据/贝壳等补充,,,manual
market_rent,市场租金,housing_city,quarterly,元/月,,,,,,unknown,50.0,当地官方租赁数据/平台趋势,,,manual
resident_population,城市常住人口,housing_city,yearly,万人,,,,,,unknown,50.0,当地统计局年度公报,,,manual
national_real_estate_investment_yoy,全国房地产开发投资同比,housing_city,monthly,%,-19.9,2026-08-31,,,,yellow,65.0,国家统计局全国房地产市场基本情况,https://www.stats.gov.cn/sj/zxfb/202609/t20260915_1965310.html,2026年1—8月份全国房地产市场基本情况；全国房地产开发投资累计同比,official
national_new_home_sales_area_yoy,全国新建商品房销售面积同比,housing_city,monthly,%,-12.1,2026-08-31,,,,yellow,65.0,国家统计局全国房地产市场基本情况,https://www.stats.gov.cn/sj/zxfb/202609/t20260915_1965310.html,2026年1—8月份全国房地产市场基本情况；新建商品房销售面积累计同比,official
national_second_hand_net_sign_area_yoy,全国二手房网签面积同比,housing_city,monthly,%,10.6,2026-08-31,,,,green,100.0,国家统计局/住房城乡建设部,https://www.stats.gov.cn/sj/zxfb/202609/t20260915_1965310.html,2026年1—8月份全国房地产市场基本情况；住建部口径二手房交易网签面积累计同比,official
national_developer_funding_yoy,房地产开发企业到位资金同比,housing_city,monthly,%,-21.0,2026-08-31,,,,red,30.0,国家统计局全国房地产市场基本情况,https://www.stats.gov.cn/sj/zxfb/202609/t20260915_1965310.html,2026年1—8月份全国房地产市场基本情况；房地产开发企业到位资金累计同比,official
local_fiscal_revenue,本地一般公共预算收入,fiscal_policy,quarterly,亿元,,,,,,unknown,50.0,当地财政局/人大预算报告,,,manual
land_sale_revenue,本地土地出让收入,fiscal_policy,quarterly,亿元,,,,,,unknown,50.0,当地财政局/人大预算报告,,,manual
national_local_fiscal_revenue_yoy,全国地方一般公共预算本级收入同比,fiscal_policy,monthly,%,3.3,2026-07-31,0.0,,,green,100.0,财政部全国财政收支情况,https://gks.mof.gov.cn/tongjishuju/202608/t20260814_3995497.htm,2026年1-7月财政收支情况；全国地方一般公共预算本级收入同比,official
national_land_sale_revenue_yoy,全国土地出让收入同比,fiscal_policy,monthly,%,-30.8,2026-07-31,0.0,,,red,30.0,财政部全国财政收支情况,https://gks.mof.gov.cn/tongjishuju/202608/t20260814_3995497.htm,2026年1-7月财政收支情况；全国国有土地使用权出让收入同比,official
private_investment,民间固定资产投资同比,enterprise,monthly,%,-9.4,2026-07-31,0.0,,,yellow,65.0,国家统计局月度国民经济运行,https://www.stats.gov.cn/sj/zxfb/202608/t20260817_1965056.html,1—7月份国民经济保持总体平稳、向新向优发展态势；官方披露同比,official
private_profit,私营工业企业利润同比,enterprise,monthly,%,10.9,2026-07-31,0.0,,,green,100.0,国家统计局工业企业利润,https://www.stats.gov.cn/sj/zxfb/202608/t20260827_1965126.html,2026年1—7月份全国规模以上工业企业利润增长17.6%；私营工业企业利润同比,official
industrial_receivables_days,规上工业应收账款平均回收期,enterprise,monthly,天,71.9,2026-07-31,0.0,,,green,100.0,国家统计局工业企业利润,https://www.stats.gov.cn/sj/zxfb/202608/t20260827_1965126.html,2026年1—7月份全国规模以上工业企业利润增长17.6%；规上工业应收账款平均回收期,official
corp_long_term_loans,企事业单位中长期贷款累计新增,enterprise,monthly,亿元,56400.0,2026-08-31,,,,unknown,50.0,中国人民银行金融统计数据报告,https://www.pbc.gov.cn/diaochatongjisi/116219/116225/2026091417020862747/index.html,2026年8月金融统计数据报告；年内累计新增，统一换算为亿元,official
