period,cluster,region,indicator,value,source_url,collected_at
2026-07,jing_jin_ji,北京,fixed_asset_investment_growth,4.3,https://tjj.beijing.gov.cn/tjsj_31433/sjjd_31444/202608/t20260818_4826859.html,2026-09-14T15:29:36+00:00
2026-07,jing_jin_ji,北京,industrial_growth,4.7,https://tjj.beijing.gov.cn/tjsj_31433/sjjd_31444/202608/t20260818_4826859.html,2026-09-14T15:29:36+00:00
2026-07,jing_jin_ji,北京,retail_sales_growth,-2,https://tjj.beijing.gov.cn/tjsj_31433/sjjd_31444/202608/t20260818_4826859.html,2026-09-14T15:29:36+00:00
2026-07,yangtze_river_delta,上海,fixed_asset_investment_growth,5.5,https://tjj.sh.gov.cn/sjxx/20260817/150e0926688d4e94bb631e12fcbb030a.html,2026-09-14T15:29:36+00:00
2026-07,yangtze_river_delta,上海,industrial_output_growth,4.2,https://tjj.sh.gov.cn/sjxx/20260813/b3771ac855a246a4b2d47786c37f4b25.html,2026-09-14T15:29:36+00:00
2026-07,yangtze_river_delta,上海,retail_sales_growth,7,https://tjj.sh.gov.cn/ydsj51/20260814/0e4a771b6d0b4d8f99f99d9c9cf4a65a.html,2026-09-14T15:29:36+00:00
2026-07,yangtze_river_delta,江苏,fixed_asset_investment_growth,-9.5,https://tj.jiangsu.gov.cn/art/2026/8/24/art_85275_11819992.html,2026-09-14T15:29:36+00:00
2026-07,yangtze_river_delta,江苏,industrial_growth,6.6,https://tj.jiangsu.gov.cn/art/2026/8/24/art_85275_11819992.html,2026-09-14T15:29:36+00:00
2026-07,yangtze_river_delta,江苏,retail_sales_growth,1.1,https://tj.jiangsu.gov.cn/art/2026/8/24/art_85275_11819992.html,2026-09-14T15:29:36+00:00
